Workbook

Sheet Complaint Data
A1: Complaint_ID | B1: Date_Received | C1: Company | D1: State | E1: Issue | F1: Submitted_Via | G1: Response | H1: Days_to_Close | I1: Amount_Relief
A2: CC0001 | B2: 45823 | C2: Prime Card | D2: Delhi | E2: Billing dispute | F2: Web | G2: In progress | I2: 0
A3: CC0002 | B3: 45932 | C3: ABC Bank | D3: Maharashtra | E3: Identity theft | F3: Web | G3: Closed with explanation | H3: 19 | I3: 0
A4: CC0003 | B4: 45702 | C4: XYZ Bank | D4: Tamil Nadu | E4: Customer service | F4: Postal mail | G4: Closed with explanation | H4: 3 | I4: 0
A5: CC0004 | B5: 45688 | C5: XYZ Bank | D5: Delhi | E5: Closing account | F5: Email | G5: Closed without relief | H5: 4 | I5: 0
A6: CC0005 | B6: 45689 | C6: XYZ Bank | D6: Tamil Nadu | E6: Customer service | F6: Referral | G6: Closed with monetary relief | H6: 13 | I6: 456
A7: CC0006 | B7: 45806 | C7: ABC Bank | D7: Maharashtra | E7: Late fee | F7: Email | G7: Closed with explanation | H7: 18 | I7: 0
A8: CC0007 | B8: 46007 | C8: Global Finance | D8: Delhi | E8: Identity theft | F8: Phone | G8: Closed with explanation | H8: 19 | I8: 0
A9: CC0008 | B9: 45707 | C9: ABC Bank | D9: Maharashtra | E9: Identity theft | F9: Postal mail | G9: Closed with monetary relief | H9: 3 | I9: 4673
A10: CC0009 | B10: 46006 | C10: Global Finance | D10: Telangana | E10: Late fee | F10: Phone | G10: Closed with monetary relief | H10: 11 | I10: 3864
A11: CC0010 | B11: 45785 | C11: ABC Bank | D11: Maharashtra | E11: Late fee | F11: Email | G11: Closed without relief | H11: 8 | I11: 0
A12: CC0011 | B12: 45911 | C12: National Bank | D12: Maharashtra | E12: Billing dispute | F12: Web | G12: Closed without relief | H12: 15 | I12: 0
A13: CC0012 | B13: 45920 | C13: XYZ Bank | D13: Telangana | E13: APR or interest rate | F13: Web | G13: Closed with explanation | H13: 11 | I13: 0
A14: CC0013 | B14: 46000 | C14: Global Finance | D14: Gujarat | E14: Credit determination | F14: Phone | G14: Closed with explanation | H14: 18 | I14: 0
... A37: CC0036 | B37: 45780 | C37: XYZ Bank | D37: Maharashtra | E37: APR or interest rate | F37: Phone | G37: Closed without relief | H37: 8 | I37: 0
A38: CC0037 | B38: 45672 | C38: National Bank | D38: Telangana | E38: Late fee | F38: Referral | G38: In progress | I38: 0
A39: CC0038 | B39: 46012 | C39: National Bank | D39: Karnataka | E39: Billing dispute | F39: Referral | G39: Closed with monetary relief | H39: 12 | I39: 3713
A40: CC0039 | B40: 45710 | C40: National Bank | D40: Kerala | E40: APR or interest rate | F40: Email | G40: Closed with explanation | H40: 7 | I40: 0
A41: CC0040 | B41: 45970 | C41: National Bank | D41: Gujarat | E41: Closing account | F41: Web | G41: Closed without relief | H41: 16 | I41: 0
A42: CC0041 | B42: 45996 | C42: XYZ Bank | D42: Telangana | E42: Identity theft | F42: Postal mail | G42: Closed with explanation | H42: 13 | I42: 0
A43: CC0042 | B43: 45983 | C43: Prime Card | D43: Telangana | E43: Closing account | F43: Web | G43: Closed with explanation | H43: 13 | I43: 0
A44: CC0043 | B44: 45739 | C44: ABC Bank | D44: Kerala | E44: Customer service | F44: Postal mail | G44: Closed with explanation | H44: 5 | I44: 0
A45: CC0044 | B45: 45993 | C45: Prime Card | D45: Delhi | E45: Late fee | F45: Referral | G45: Closed with explanation | H45: 20 | I45: 0
A46: CC0045 | B46: 45938 | C46: ABC Bank | D46: Maharashtra | E46: Closing account | F46: Referral | G46: Closed with monetary relief | H46: 1 | I46: 166
A47: CC0046 | B47: 45880 | C47: XYZ Bank | D47: Gujarat | E47: Credit determination | F47: Referral | G47: In progress | I47: 0
A48: CC0047 | B48: 45672 | C48: Global Finance | D48: Kerala | E48: Credit determination | F48: Email | G48: Closed with explanation | H48: 10 | I48: 0
A49: CC0048 | B49: 45824 | C49: XYZ Bank | D49: Tamil Nadu | E49: Closing account | F49: Phone | G49: Closed with explanation | H49: 14 | I49: 0
A50: CC0049 | B50: 45892 | C50: Prime Card | D50: Gujarat | E50: Customer service | F50: Referral | G50: Closed with non-monetary relief | H50: 17 | I50: 0
A51: CC0050 | B51: 45930 | C51: ABC Bank | D51: Gujarat | E51: APR or interest rate | F51: Referral | G51: Closed with explanation | H51: 17 | I51: 0
A52: CC0051 | B52: 45969 | C52: XYZ Bank | D52: Kerala | E52: APR or interest rate | F52: Email | G52: Closed with explanation | H52: 5 | I52: 0
A53: CC0052 | B53: 45719 | C53: Global Finance | D53: Maharashtra | E53: APR or interest rate | F53: Web | G53: Closed with monetary relief | H53: 11 | I53: 4296
A54: CC0053 | B54: 45944 | C54: National Bank | D54: Tamil Nadu | E54: Credit determination | F54: Web | G54: Closed with explanation | H54: 7 | I54: 0
A55: CC0054 | B55: 45917 | C55: Prime Card | D55: Karnataka | E55: Customer service | F55: Email | G55: Closed with monetary relief | H55: 1 | I55: 569
A56: CC0055 | B56: 45968 | C56: Global Finance | D56: Maharashtra | E56: Credit determination | F56: Postal mail | G56: Closed with monetary relief | H56: 9 | I56: 3755
A57: CC0056 | B57: 45917 | C57: Global Finance | D57: Karnataka | E57: Customer service | F57: Referral | G57: In progress | I57: 0
A58: CC0057 | B58: 45887 | C58: Prime Card | D58: Telangana | E58: Late fee | F58: Web | G58: Closed with explanation | H58: 4 | I58: 0
A59: CC0058 | B59: 46001 | C59: XYZ Bank | D59: Delhi | E59: Late fee | F59: Web | G59: Closed with explanation | H59: 3 | I59: 0
A60: CC0059 | B60: 45737 | C60: National Bank | D60: Kerala | E60: Late fee | F60: Referral | G60: In progress | I60: 0
A61: CC0060 | B61: 45897 | C61: Prime Card | D61: Telangana | E61: Identity theft | F61: Referral | G61: Closed with explanation | H61: 4 | I61: 0
A62: CC0061 | B62: 45740 | C62: Prime Card | D62: Karnataka | E62: APR or interest rate | F62: Referral | G62: Closed with non-monetary relief | H62: 17 | I62: 0
A63: CC0062 | B63: 45840 | C63: ABC Bank | D63: Karnataka | E63: Customer service | F63: Postal mail | G63: Closed with explanation | H63: 12 | I63: 0
A64: CC0063 | B64: 45883 | C64: National Bank | D64: Maharashtra | E64: Customer service | F64: Phone | G64: Closed with non-monetary relief | H64: 13 | I64: 0
A65: CC0064 | B65: 45920 | C65: ABC Bank | D65: Gujarat | E65: Identity theft | F65: Web | G65: In progress | I65: 0
A66: CC0065 | B66: 45701 | C66: XYZ Bank | D66: Karnataka | E66: Credit determination | F66: Referral | G66: Closed with explanation | H66: 2 | I66: 0
A67: CC0066 | B67: 45874 | C67: Prime Card | D67: Kerala | E67: Customer service | F67: Email | G67: Closed without relief | H67: 9 | I67: 0
A68: CC0067 | B68: 45950 | C68: National Bank | D68: Tamil Nadu | E68: Credit determination | F68: Referral | G68: Closed with monetary relief | H68: 11 | I68: 782
A69: CC0068 | B69: 45875 | C69: ABC Bank | D69: Delhi | E69: Billing dispute | F69: Phone | G69: Closed without relief | H69: 9 | I69: 0
A70: CC0069 | B70: 45700 | C70: National Bank | D70: Gujarat | E70: Billing dispute | F70: Postal mail | G70: Closed with monetary relief | H70: 8 | I70: 595
A71: CC0070 | B71: 45663 | C71: Prime Card | D71: Karnataka | E71: Customer service | F71: Referral | G71: Closed with explanation | H71: 18 | I71: 0
A72: CC0071 | B72: 45680 | C72: XYZ Bank | D72: Karnataka | E72: Billing dispute | F72: Referral | G72: Closed with monetary relief | H72: 8 | I72: 946
A73: CC0072 | B73: 45761 | C73: National Bank | D73: Maharashtra | E73: Credit determination | F73: Referral | G73: In progress | I73: 0
A74: CC0073 | B74: 45806 | C74: National Bank | D74: Karnataka | E74: Credit determination | F74: Web | G74: Closed with explanation | H74: 6 | I74: 0
A75: CC0074 | B75: 45786 | C75: Global Finance | D75: Maharashtra | E75: Identity theft | F75: Email | G75: Closed with explanation | H75: 1 | I75: 0
A76: CC0075 | B76: 45901 | C76: ABC Bank | D76: Delhi | E76: Credit determination | F76: Postal mail | G76: Closed with explanation | H76: 15 | I76: 0
A77: CC0076 | B77: 45994 | C77: National Bank | D77: Delhi | E77: Identity theft | F77: Referral | G77: Closed with monetary relief | H77: 13 | I77: 4200
A78: CC0077 | B78: 45833 | C78: Prime Card | D78: Karnataka | E78: Billing dispute | F78: Referral | G78: Closed with explanation | H78: 5 | I78: 0
A79: CC0078 | B79: 45665 | C79: Prime Card | D79: Kerala | E79: Billing dispute | F79: Web | G79: Closed with explanation | H79: 9 | I79: 0
A80: CC0079 | B80: 45998 | C80: National Bank | D80: Maharashtra | E80: Identity theft | F80: Phone | G80: Closed without relief | H80: 17 | I80: 0
A81: CC0080 | B81: 45681 | C81: Prime Card | D81: Tamil Nadu | E81: Late fee | F81: Phone | G81: Closed with monetary relief | H81: 6 | I81: 2253
A82: CC0081 | B82: 45826 | C82: Global Finance | D82: Karnataka | E82: Identity theft | F82: Web | G82: In progress | I82: 0
A83: CC0082 | B83: 45816 | C83: ABC Bank | D83: Karnataka | E83: APR or interest rate | F83: Web | G83: Closed with explanation | H83: 6 | I83: 0
A84: CC0083 | B84: 45901 | C84: XYZ Bank | D84: Maharashtra | E84: Credit determination | F84: Web | G84: Closed with explanation | H84: 7 | I84: 0
A85: CC0084 | B85: 45704 | C85: XYZ Bank | D85: Telangana | E85: Customer service | F85: Web | G85: Closed with explanation | H85: 3 | I85: 0
A86: CC0085 | B86: 45859 | C86: XYZ Bank | D86: Tamil Nadu | E86: Customer service | F86: Email | G86: Closed with explanation | H86: 10 | I86: 0
A87: CC0086 | B87: 45737 | C87: Prime Card | D87: Gujarat | E87: Late fee | F87: Postal mail | G87: Closed with non-monetary relief | H87: 20 | I87: 0
A88: CC0087 | B88: 45734 | C88: XYZ Bank | D88: Tamil Nadu | E88: Credit determination | F88: Email | G88: Closed with explanation | H88: 20 | I88: 0
A89: CC0088 | B89: 45979 | C89: XYZ Bank | D89: Maharashtra | E89: Credit determination | F89: Email | G89: Closed with explanation | H89: 17 | I89: 0
A90: CC0089 | B90: 45949 | C90: Global Finance | D90: Gujarat | E90: Closing account | F90: Referral | G90: Closed without relief | H90: 1 | I90: 0
A91: CC0090 | B91: 45701 | C91: National Bank | D91: Tamil Nadu | E91: APR or interest rate | F91: Postal mail | G91: Closed with explanation | H91: 5 | I91: 0
A92: CC0091 | B92: 45943 | C92: Global Finance | D92: Delhi | E92: Identity theft | F92: Postal mail | G92: Closed with explanation | H92: 1 | I92: 0
A93: CC0092 | B93: 45793 | C93: Global Finance | D93: Maharashtra | E93: Billing dispute | F93: Email | G93: Closed with explanation | H93: 3 | I93: 0
A94: CC0093 | B94: 45691 | C94: National Bank | D94: Gujarat | E94: Billing dispute | F94: Phone | G94: Closed with non-monetary relief | H94: 16 | I94: 0
... A124: CC0123 | B124: 45723 | C124: Global Finance | D124: Telangana | E124: Billing dispute | F124: Web | G124: Closed with explanation | H124: 16 | I124: 0
A125: CC0124 | B125: 45858 | C125: Global Finance | D125: Gujarat | E125: APR or interest rate | F125: Postal mail | G125: In progress | I125: 0
A126: CC0125 | B126: 45785 | C126: XYZ Bank | D126: Kerala | E126: Customer service | F126: Web | G126: Closed without relief | H126: 8 | I126: 0
A127: CC0126 | B127: 46016 | C127: ABC Bank | D127: Maharashtra | E127: Credit determination | F127: Web | G127: Closed with non-monetary relief | H127: 15 | I127: 0
A128: CC0127 | B128: 45658 | C128: Global Finance | D128: Tamil Nadu | E128: Closing account | F128: Phone | G128: Closed without relief | H128: 8 | I128: 0
A129: CC0128 | B129: 45723 | C129: ABC Bank | D129: Tamil Nadu | E129: Billing dispute | F129: Phone | G129: Closed with monetary relief | H129: 17 | I129: 3633
A130: CC0129 | B130: 45926 | C130: XYZ Bank | D130: Telangana | E130: Late fee | F130: Referral | G130: In progress | I130: 0
A131: CC0130 | B131: 45965 | C131: National Bank | D131: Telangana | E131: Late fee | F131: Phone | G131: Closed with explanation | H131: 18 | I131: 0
A132: CC0131 | B132: 45988 | C132: Prime Card | D132: Maharashtra | E132: Identity theft | F132: Email | G132: Closed without relief | H132: 8 | I132: 0
A133: CC0132 | B133: 45784 | C133: National Bank | D133: Tamil Nadu | E133: Billing dispute | F133: Referral | G133: Closed with explanation | H133: 14 | I133: 0
A134: CC0133 | B134: 45913 | C134: ABC Bank | D134: Karnataka | E134: Identity theft | F134: Postal mail | G134: Closed without relief | H134: 14 | I134: 0
A135: CC0134 | B135: 45847 | C135: National Bank | D135: Delhi | E135: APR or interest rate | F135: Phone | G135: Closed with explanation | H135: 2 | I135: 0
A136: CC0135 | B136: 46007 | C136: National Bank | D136: Delhi | E136: Credit determination | F136: Email | G136: Closed with explanation | H136: 1 | I136: 0
A137: CC0136 | B137: 45692 | C137: National Bank | D137: Gujarat | E137: Credit determination | F137: Referral | G137: Closed with explanation | H137: 7 | I137: 0
A138: CC0137 | B138: 45776 | C138: ABC Bank | D138: Maharashtra | E138: APR or interest rate | F138: Email | G138: Closed with monetary relief | H138: 9 | I138: 2466
A139: CC0138 | B139: 45753 | C139: Prime Card | D139: Delhi | E139: Billing dispute | F139: Email | G139: Closed without relief | H139: 16 | I139: 0
A140: CC0139 | B140: 45732 | C140: ABC Bank | D140: Kerala | E140: Billing dispute | F140: Email | G140: In progress | I140: 0
A141: CC0140 | B141: 45730 | C141: XYZ Bank | D141: Telangana | E141: APR or interest rate | F141: Phone | G141: Closed with explanation | H141: 2 | I141: 0
A142: CC0141 | B142: 45715 | C142: XYZ Bank | D142: Karnataka | E142: Identity theft | F142: Referral | G142: In progress | I142: 0
A143: CC0142 | B143: 45992 | C143: Prime Card | D143: Tamil Nadu | E143: Late fee | F143: Postal mail | G143: In progress | I143: 0
A144: CC0143 | B144: 45849 | C144: Prime Card | D144: Kerala | E144: Billing dispute | F144: Web | G144: In progress | I144: 0
A145: CC0144 | B145: 45698 | C145: Prime Card | D145: Tamil Nadu | E145: Customer service | F145: Referral | G145: Closed with explanation | H145: 12 | I145: 0
A146: CC0145 | B146: 45852 | C146: Prime Card | D146: Tamil Nadu | E146: Billing dispute | F146: Postal mail | G146: Closed with explanation | H146: 10 | I146: 0
A147: CC0146 | B147: 45758 | C147: XYZ Bank | D147: Karnataka | E147: Late fee | F147: Postal mail | G147: Closed with explanation | H147: 15 | I147: 0
A148: CC0147 | B148: 45673 | C148: Prime Card | D148: Tamil Nadu | E148: APR or interest rate | F148: Web | G148: Closed with non-monetary relief | H148: 8 | I148: 0
A149: CC0148 | B149: 45895 | C149: National Bank | D149: Kerala | E149: Closing account | F149: Web | G149: Closed with explanation | H149: 2 | I149: 0
A150: CC0149 | B150: 45968 | C150: National Bank | D150: Maharashtra | E150: Billing dispute | F150: Phone | G150: Closed with explanation | H150: 9 | I150: 0
A151: CC0150 | B151: 46011 | C151: National Bank | D151: Tamil Nadu | E151: Closing account | F151: Email | G151: Closed with explanation | H151: 9 | I151: 0
...

Sheet Dashboard
A1: CREDIT CARD COMPLAINTS DASHBOARD
A3: TOTAL COMPLAINTS | D3: CLOSED COMPLAINTS % | G3: IN PROGRESS
A5: =COUNTA('Complaint Data'!A2:A501) | D5: =COUNTIF('Complaint Data'!G2:G501,"<>In progress")/COUNTA('Complaint Data'!A2:A501) | G5: =COUNTIF('Complaint Data'!G2:G501,"In progress")
A8: Complaints by Issue | F8: Complaints by Company
A9: Issue | B9: Complaints | F9: Company | G9: Complaints
A10: Billing dispute | B10: =COUNTIF('Complaint Data'!E:E,A10) | F10: ABC Bank | G10: =COUNTIF('Complaint Data'!C:C,F10)
A11: Identity theft | B11: =COUNTIF('Complaint Data'!E:E,A11) | F11: XYZ Bank | G11: =COUNTIF('Complaint Data'!C:C,F11)
A12: Late fee | B12: =COUNTIF('Complaint Data'!E:E,A12) | F12: National Bank | G12: =COUNTIF('Complaint Data'!C:C,F12)
A13: APR or interest rate | B13: =COUNTIF('Complaint Data'!E:E,A13) | F13: Prime Card | G13: =COUNTIF('Complaint Data'!C:C,F13)
A14: Customer service | B14: =COUNTIF('Complaint Data'!E:E,A14) | F14: Global Finance | G14: =COUNTIF('Complaint Data'!C:C,F14)
A15: Closing account | B15: =COUNTIF('Complaint Data'!E:E,A15)
A16: Credit determination | B16: =COUNTIF('Complaint Data'!E:E,A16)
A24: Monthly Complaint Trend
A25: Month | B25: Complaints
A26: 45658 | B26: =COUNTIFS('Complaint Data'!B:B,">="&A26,'Complaint Data'!B:B,"<"&EDATE(A26,1))
A27: 45689 | B27: =COUNTIFS('Complaint Data'!B:B,">="&A27,'Complaint Data'!B:B,"<"&EDATE(A27,1))
A28: 45717 | B28: =COUNTIFS('Complaint Data'!B:B,">="&A28,'Complaint Data'!B:B,"<"&EDATE(A28,1))
A29: 45748 | B29: =COUNTIFS('Complaint Data'!B:B,">="&A29,'Complaint Data'!B:B,"<"&EDATE(A29,1))
A30: 45778 | B30: =COUNTIFS('Complaint Data'!B:B,">="&A30,'Complaint Data'!B:B,"<"&EDATE(A30,1))
A31: 45809 | B31: =COUNTIFS('Complaint Data'!B:B,">="&A31,'Complaint Data'!B:B,"<"&EDATE(A31,1))
A32: 45839 | B32: =COUNTIFS('Complaint Data'!B:B,">="&A32,'Complaint Data'!B:B,"<"&EDATE(A32,1))
A33: 45870 | B33: =COUNTIFS('Complaint Data'!B:B,">="&A33,'Complaint Data'!B:B,"<"&EDATE(A33,1))
A34: 45901 | B34: =COUNTIFS('Complaint Data'!B:B,">="&A34,'Complaint Data'!B:B,"<"&EDATE(A34,1))
A35: 45931 | B35: =COUNTIFS('Complaint Data'!B:B,">="&A35,'Complaint Data'!B:B,"<"&EDATE(A35,1))
A36: 45962 | B36: =COUNTIFS('Complaint Data'!B:B,">="&A36,'Complaint Data'!B:B,"<"&EDATE(A36,1))
A37: 45992 | B37: =COUNTIFS('Complaint Data'!B:B,">="&A37,'Complaint Data'!B:B,"<"&EDATE(A37,1))

Sheet How to Build
A1: How to customize this dashboard
A3: 1. Replace the sample rows in 'Complaint Data' with your real Excel data.
A4: 2. Keep the same column names, or update the formulas in the Dashboard.
A5: 3. The 3 main KPIs are: Total Complaints, Closed Complaints %, and In Progress.
A6: 4. Use the Dashboard charts to explain issue-wise, company-wise, and monthly trends.
A7: 5. For a more advanced version, add PivotTables + Slicers for Year, Company and State.
